{"theta0": 8499.506064757234, "theta1": -0.021448037613188385}